{
  "feature_names": [
    "review_count_1m",
    "review_count_3m",
    "avg_stars_1m",
    "avg_text_len_1m",
    "feedback_count_1m_log",
    "avg_user_monthly_review_rate",
    "avg_user_positive_rating_tendency",
    "avg_user_account_age_days",
    "elite_user_ratio",
    "avg_user_rating_volatility",
    "avg_user_low_text_high_rating_ratio",
    "avg_user_popular_business_visit_ratio",
    "avg_user_friend_count_log",
    "avg_user_avg_review_text_length",
    "avg_user_feedback_per_review",
    "business_stars",
    "business_review_count_log",
    "business_is_open",
    "business_category_count",
    "business_latitude",
    "business_longitude",
    "business_open_days",
    "business_has_attributes"
  ],
  "means": [
    2.067689222517854,
    4.837605291427761,
    3.634767800191416,
    577.5234474534102,
    1.0449772466640372,
    1.1413111163102754,
    3.6887428877109456,
    1022.4531374318224,
    0.24098395333737557,
    0.8915634678346781,
    0.0009313001252316305,
    0.6505124798576617,
    2.7260504040943245,
    587.117433338489,
    2.2891108273353327,
    3.622600327266901,
    4.107755918675246,
    0.807508424627491,
    4.802031760123342,
    36.475328083564825,
    -89.48808086945753,
    5.887487556766099,
    0.9591763432782898
  ],
  "stds": [
    2.7517167445668314,
    7.9461031592786995,
    1.4162376474746379,
    472.2638154701903,
    0.9864046504816277,
    2.799330247385128,
    0.8019976671765284,
    845.6792838042272,
    0.3779063822092313,
    0.5476900222195934,
    0.013126602686148547,
    0.2884326000640431,
    1.988924741123512,
    350.5915037982854,
    4.157492222251657,
    0.8334140905289373,
    1.2663384446620989,
    0.3942569831698085,
    2.4239401965602827,
    5.532986488631715,
    15.053667234897034,
    2.0191336547779493,
    0.1978814942599105
  ],
  "model": {
    "weights": [
      0.054300493089888754,
      0.2123794750902306,
      -0.0019007269527507582,
      -0.004727333872325198,
      0.05693307523600244,
      -0.002382766941801943,
      -0.0008808753285871513,
      0.04235629158634654,
      -0.026365896437216523,
      -0.02760657265661509,
      0.009333516856047311,
      0.005207300784104981,
      -0.02018215919716658,
      -0.024335721547007194,
      -0.0364333694908466,
      0.011061589935008446,
      0.2817009706572889,
      -0.06313185896231639,
      -0.00018512821911049744,
      -0.006649725256385665,
      0.003321305170809215,
      0.0030994419698155747,
      0.00420820950893572
    ],
    "bias": 0.5775715329903058,
    "prediction_cap": 32.0
  },
  "target": "next_month_review_count"
}